client_id,client_name,contact_name,region
C0001,"Rodriguez, Figueroa and Sanchez",Brian Yang,Mayotte
C0002,Garza Inc,Daniel Wagner,Anguilla
C0003,"Gonzalez, Santos and Gardner",Kevin Pacheco,Albania
C0004,Wolfe LLC,Daniel Gallagher,Bosnia and Herzegovina
C0005,James LLC,Lindsey Roman,Saint Lucia
C0006,Herrera-Dudley,Juan Calderon,Niger
C0007,Ray-Bush,Darren Roberts,Belgium
C0008,Delacruz Group,Mark Diaz,Heard Island and McDonald Islands
C0009,Clark-Adams,Maria Lynch,Chile
C0010,"Daniel, Martin and Gray",Margaret Hawkins DDS,Tajikistan
C0011,Perez Inc,Jennifer Jones,United States Minor Outlying Islands
C0012,"Walter, Edwards and Rios",Thomas Ellis,Estonia
C0013,Wright PLC,Nicole Patterson,Myanmar
C0014,Cox-Osborn,Johnny Campos,Tokelau
C0015,Hernandez and Sons,Jennifer Brown,Hong Kong
C0016,"Ferrell, Rice and Maddox",Alexandra Le,Pitcairn Islands
C0017,"Potter, Mack and Peterson",Christopher Smith,Saint Helena
C0018,"Baker, Mason and White",Sheila Evans,Northern Mariana Islands
C0019,"Lynch, Hernandez and Farmer",Paula Moreno,Afghanistan
C0020,"Nguyen, Smith and Hickman",Sandra Parker,Azerbaijan
C0021,Humphrey Inc,John Jones,Senegal
C0022,"Cannon, Anderson and Alvarez",Deborah Brennan,Jamaica
C0023,Hickman Ltd,Michelle Ross,Paraguay
C0024,"Brooks, Lam and Hayes",Austin Smith,Micronesia
C0025,Chapman Inc,Mark Perez,United Kingdom
C0026,Heath Inc,Diana Washington,Mauritius
C0027,Cummings PLC,Dana Kennedy,Ireland
C0028,Davis Ltd,Jeff Owens,Saint Lucia
C0029,Nunez Ltd,James Morgan,Tokelau
C0030,Wright and Sons,Brenda White,Kyrgyz Republic
C0031,Baxter Inc,Scott Pierce,Australia
C0032,"Kidd, Huff and Novak",Sarah Martin,Libyan Arab Jamahiriya
C0033,Lewis-Morales,James Galloway,Estonia
C0034,Mitchell-Horton,Rachel Stanley,Libyan Arab Jamahiriya
C0035,Lee and Sons,Lauren Daniels,San Marino
C0036,Brown-Silva,Sarah Moore,Malawi
C0037,York Inc,Megan Young,British Indian Ocean Territory (Chagos Archipelago)
C0038,"Sanchez, Wheeler and Harvey",Kevin Mills,Vietnam
C0039,Harris-Moran,James Powers,French Southern Territories
C0040,Stewart-Walton,Jimmy Murillo,Bolivia
C0041,Medina PLC,Timothy Ibarra,Turkmenistan
C0042,Wood and Sons,Joshua Turner,Sri Lanka
C0043,"Rice, Contreras and Spencer",Ashley Humphrey,Estonia
C0044,Preston Ltd,Denise Jacobs,Saint Barthelemy
C0045,Harris-Walters,John Whitehead,Tanzania
C0046,Davis Group,Amanda Cook,Bulgaria
C0047,"Whitney, Martin and Ramos",Kristina Rodriguez,Western Sahara
C0048,"Mckee, Gardner and Davenport",Brittany Anderson,Gambia
C0049,Nolan-Flynn,Stephanie Clark,Egypt
C0050,"Garcia, Deleon and Henson",Marc Moore,Venezuela
C0051,Hancock and Sons,Allison Doyle,Grenada
C0052,Pham-Shields,Debra Cobb,Botswana
C0053,Brennan-Garrison,Robert Stevens,Gambia
C0054,Walker Ltd,Garrett Lin,Sierra Leone
C0055,Bell-Hicks,Sarah Rivera,Antarctica (the territory South of 60 deg S)
C0056,Wiley LLC,Victor Baker,Botswana
C0057,"Hamilton, Chandler and Edwards",Kayla Cruz,Morocco
C0058,Scott Ltd,Joseph Drake,Poland
C0059,"Bentley, Mclaughlin and Gonzalez",Travis Mccall,Nigeria
C0060,Alvarado-Martinez,Katie Estrada,Greece
C0061,Terry-Spencer,Maurice Gray,San Marino
C0062,Gilbert LLC,Roy Torres,Cote d'Ivoire
C0063,Floyd-Lawson,Jeremy Lowe,Malawi
C0064,Leon-Moyer,Mary Campbell,Panama
C0065,"Harvey, Davis and Crane",Eric Drake,Cameroon
C0066,Williams Group,Patricia Gibson,Turks and Caicos Islands
C0067,"Johnston, Higgins and Cruz",Charles Watts,Uganda
C0068,Osborne and Sons,Tyler Holmes,Australia
C0069,"Wright, Charles and Bryant",Mary Travis,Nepal
C0070,Dodson-Vance,Michelle Wagner,Switzerland
C0071,"Griffin, Moore and Hensley",Paul Larsen,Falkland Islands (Malvinas)
C0072,"Washington, Allen and Gonzales",Cynthia Rogers,Uganda
C0073,"Miller, Hernandez and Reyes",Daniel Perry,Greenland
C0074,"Owens, Brown and Wall",Randy Shah,Angola
C0075,"James, Smith and Bell",Sarah Ashley,Italy
C0076,"Adkins, Payne and Morrison",Daniel Graham,Antarctica (the territory South of 60 deg S)
C0077,Rogers-Shelton,Christopher Mcdonald,Brunei Darussalam
C0078,"Ferguson, Meadows and Vargas",Angela Patterson,Tonga
C0079,White-Green,Jesse Rogers,Turkmenistan
C0080,Ramirez-Bean,Ruben Ruiz,San Marino
C0081,"Williams, Crane and Walker",Tyler Williams,Antarctica (the territory South of 60 deg S)
C0082,Gonzalez Inc,Cynthia Wells,Brazil
C0083,"Gould, Marshall and Scott",Larry Stuart,Saint Barthelemy
C0084,Strickland and Sons,Ashley Johnson,Georgia
C0085,"Byrd, Rubio and Sanders",Angela Vaughn,Niue
C0086,Garcia LLC,Lindsay Martinez,Mongolia
C0087,Reed Group,Andrea Holland,American Samoa
C0088,Short-Garcia,Madison Poole,Russian Federation
C0089,Graham Ltd,Marie Gilbert,Uruguay
C0090,"Hampton, Marshall and Petersen",Erica Sanchez,Vietnam
C0091,Ramirez Group,John Bishop,Hong Kong
C0092,Johnson-Rosales,Daniel Salinas,Guam
C0093,Beard-Haynes,Adam Vaughan,Belize
C0094,Cortez Group,Cynthia Alvarez,Rwanda
C0095,West-Smith,Jared Sanchez,Panama
C0096,"Wood, Tran and Cooper",Krista Bell MD,Gambia
C0097,Hall-Griffith,Patrick Tapia,Portugal
C0098,Lee Ltd,Dr. William Warren,Finland
C0099,Wall LLC,Christopher Smith,Martinique
C0100,Hill Inc,Melissa Martinez,Trinidad and Tobago
